Polity,Title,Name,Start,End
Commonwealth of Australia / 澳大利亚联邦,Monarch / 君主,Victoria /  维多利亚女王,1901,1901
Commonwealth of Australia / 澳大利亚联邦,Monarch / 君主,Edward VII / 爱德华七世,1901,1910
Commonwealth of Australia / 澳大利亚联邦,Monarch / 君主,George V / 乔治五世,1910,1936
Commonwealth of Australia / 澳大利亚联邦,Monarch / 君主,Edward VIII / 爱德华八世,1936,1936
Commonwealth of Australia / 澳大利亚联邦,Monarch / 君主,George VI / 乔治六世,1936,1952
Commonwealth of Australia / 澳大利亚联邦,Monarch / 君主,Elizabeth II / 伊丽莎白二世,1952,2022
Commonwealth of Australia / 澳大利亚联邦,Monarch / 君主,Charles III / 查尔斯三世,2022,2026
Commonwealth of Australia / 澳大利亚联邦,Governor-General / 总督,John Hope / 约翰·霍普（霍普敦伯爵）,1901,1902
Commonwealth of Australia / 澳大利亚联邦,Governor-General / 总督,Hallam Tennyson / 哈勒姆·坦尼森,1903,1904
Commonwealth of Australia / 澳大利亚联邦,Governor-General / 总督,Henry Northcote / 亨利·诺斯科特,1904,1908
Commonwealth of Australia / 澳大利亚联邦,Governor-General / 总督,William Ward / 威廉·沃德（达德利伯爵）,1908,1911
Commonwealth of Australia / 澳大利亚联邦,Governor-General / 总督,Thomas Denman / 托马斯·丹曼,1911,1914
Commonwealth of Australia / 澳大利亚联邦,Governor-General / 总督,Ronald Munro Ferguson / 罗纳德·蒙罗·弗格森,1914,1920
Commonwealth of Australia / 澳大利亚联邦,Governor-General / 总督,Henry Forster / 亨利·福斯特,1920,1925
Commonwealth of Australia / 澳大利亚联邦,Governor-General / 总督,John Baird / 约翰·贝尔德（斯通黑文子爵）,1925,1930
Commonwealth of Australia / 澳大利亚联邦,Governor-General / 总督,Isaac Isaacs / 艾萨克·艾萨克斯,1931,1936
Commonwealth of Australia / 澳大利亚联邦,Governor-General / 总督,Alexander Hore-Ruthven / 亚历山大·霍尔-鲁思文,1936,1945
Commonwealth of Australia / 澳大利亚联邦,Governor-General / 总督,Prince Henry / 亨利王子（格洛斯特公爵）,1945,1947
Commonwealth of Australia / 澳大利亚联邦,Governor-General / 总督,William McKell / 威廉·麦凯尔,1947,1953
Commonwealth of Australia / 澳大利亚联邦,Governor-General / 总督,William Slim / 威廉·斯利姆,1953,1960
Commonwealth of Australia / 澳大利亚联邦,Governor-General / 总督,William Morrison / 威廉·莫里森（邓罗斯尔子爵）,1960,1961
Commonwealth of Australia / 澳大利亚联邦,Governor-General / 总督,William Sidney / 威廉·西德尼（德利尔子爵）,1961,1965
Commonwealth of Australia / 澳大利亚联邦,Governor-General / 总督,Richard Casey / 理查德·凯西,1965,1969
Commonwealth of Australia / 澳大利亚联邦,Governor-General / 总督,Paul Hasluck / 保罗·哈斯勒克,1969,1974
Commonwealth of Australia / 澳大利亚联邦,Governor-General / 总督,John Kerr / 约翰·克尔,1974,1977
Commonwealth of Australia / 澳大利亚联邦,Governor-General / 总督,Zelman Cowen / 泽尔曼·科恩,1977,1982
Commonwealth of Australia / 澳大利亚联邦,Governor-General / 总督,Ninian Stephen / 尼尼安·斯蒂芬,1982,1989
Commonwealth of Australia / 澳大利亚联邦,Governor-General / 总督,Bill Hayden / 比尔·海登,1989,1996
Commonwealth of Australia / 澳大利亚联邦,Governor-General / 总督,William Deane / 威廉·迪恩,1996,2001
Commonwealth of Australia / 澳大利亚联邦,Governor-General / 总督,Peter Hollingworth / 彼得·霍林沃思,2001,2003
Commonwealth of Australia / 澳大利亚联邦,Governor-General / 总督,Michael Jeffery / 迈克尔·杰弗里,2003,2008
Commonwealth of Australia / 澳大利亚联邦,Governor-General / 总督,Quentin Bryce / 昆廷·布赖斯,2008,2014
Commonwealth of Australia / 澳大利亚联邦,Governor-General / 总督,Peter Cosgrove / 彼得·科斯格罗夫,2014,2019
Commonwealth of Australia / 澳大利亚联邦,Governor-General / 总督,David Hurley / 戴维·赫尔利,2019,2024
Commonwealth of Australia / 澳大利亚联邦,Governor-General / 总督,Sam Mostyn / 萨姆·莫斯廷,2024,2026
Commonwealth of Australia / 澳大利亚联邦,Prime Minister / 总理,Edmund Barton / 埃德蒙·巴顿,1901,1903
Commonwealth of Australia / 澳大利亚联邦,Prime Minister / 总理,Alfred Deakin / 阿尔弗雷德·迪肯,1903,1904
Commonwealth of Australia / 澳大利亚联邦,Prime Minister / 总理,Chris Watson / 克里斯·沃森,1904,1904
Commonwealth of Australia / 澳大利亚联邦,Prime Minister / 总理,George Reid / 乔治·里德,1904,1905
Commonwealth of Australia / 澳大利亚联邦,Prime Minister / 总理,Alfred Deakin / 阿尔弗雷德·迪肯,1905,1908
Commonwealth of Australia / 澳大利亚联邦,Prime Minister / 总理,Andrew Fisher / 安德鲁·费舍尔,1908,1909
Commonwealth of Australia / 澳大利亚联邦,Prime Minister / 总理,Alfred Deakin / 阿尔弗雷德·迪肯,1909,1910
Commonwealth of Australia / 澳大利亚联邦,Prime Minister / 总理,Andrew Fisher / 安德鲁·费舍尔,1910,1913
Commonwealth of Australia / 澳大利亚联邦,Prime Minister / 总理,Joseph Cook / 约瑟夫·库克,1913,1914
Commonwealth of Australia / 澳大利亚联邦,Prime Minister / 总理,Andrew Fisher / 安德鲁·费舍尔,1914,1915
Commonwealth of Australia / 澳大利亚联邦,Prime Minister / 总理,Billy Hughes / 比利·休斯,1915,1923
Commonwealth of Australia / 澳大利亚联邦,Prime Minister / 总理,Stanley Bruce / 斯坦利·布鲁斯,1923,1929
Commonwealth of Australia / 澳大利亚联邦,Prime Minister / 总理,James Scullin / 詹姆斯·斯卡林,1929,1932
Commonwealth of Australia / 澳大利亚联邦,Prime Minister / 总理,Joseph Lyons / 约瑟夫·莱昂斯,1932,1939
Commonwealth of Australia / 澳大利亚联邦,Prime Minister / 总理,Earle Page / 厄尔·佩奇,1939,1939
Commonwealth of Australia / 澳大利亚联邦,Prime Minister / 总理,Robert Menzies / 罗伯特·孟席斯,1939,1941
Commonwealth of Australia / 澳大利亚联邦,Prime Minister / 总理,Arthur Fadden / 阿瑟·法登,1941,1941
Commonwealth of Australia / 澳大利亚联邦,Prime Minister / 总理,John Curtin / 约翰·柯廷,1941,1945
Commonwealth of Australia / 澳大利亚联邦,Prime Minister / 总理,Frank Forde / 弗兰克·福德,1945,1945
Commonwealth of Australia / 澳大利亚联邦,Prime Minister / 总理,Ben Chifley / 本·奇夫利,1945,1949
Commonwealth of Australia / 澳大利亚联邦,Prime Minister / 总理,Robert Menzies / 罗伯特·孟席斯,1949,1966
Commonwealth of Australia / 澳大利亚联邦,Prime Minister / 总理,Harold Holt / 哈罗德·霍尔特,1966,1967
Commonwealth of Australia / 澳大利亚联邦,Prime Minister / 总理,John McEwen / 约翰·麦克尤恩,1967,1968
Commonwealth of Australia / 澳大利亚联邦,Prime Minister / 总理,John Gorton / 约翰·戈顿,1968,1971
Commonwealth of Australia / 澳大利亚联邦,Prime Minister / 总理,William McMahon / 威廉·麦克马洪,1971,1972
Commonwealth of Australia / 澳大利亚联邦,Prime Minister / 总理,Gough Whitlam / 高夫·惠特拉姆,1972,1975
Commonwealth of Australia / 澳大利亚联邦,Prime Minister / 总理,Malcolm Fraser / 马尔科姆·弗雷泽,1975,1983
Commonwealth of Australia / 澳大利亚联邦,Prime Minister / 总理,Bob Hawke / 鲍勃·霍克,1983,1991
Commonwealth of Australia / 澳大利亚联邦,Prime Minister / 总理,Paul Keating / 保罗·基廷,1991,1996
Commonwealth of Australia / 澳大利亚联邦,Prime Minister / 总理,John Howard / 约翰·霍华德,1996,2007
Commonwealth of Australia / 澳大利亚联邦,Prime Minister / 总理,Kevin Rudd / 陆克文,2007,2010
Commonwealth of Australia / 澳大利亚联邦,Prime Minister / 总理,Julia Gillard / 朱莉娅·吉拉德,2010,2013
Commonwealth of Australia / 澳大利亚联邦,Prime Minister / 总理,Kevin Rudd / 陆克文,2013,2013
Commonwealth of Australia / 澳大利亚联邦,Prime Minister / 总理,Tony Abbott / 托尼·阿博特,2013,2015
Commonwealth of Australia / 澳大利亚联邦,Prime Minister / 总理,Malcolm Turnbull / 马尔科姆·特恩布尔,2015,2018
Commonwealth of Australia / 澳大利亚联邦,Prime Minister / 总理,Scott Morrison / 斯科特·莫里森,2018,2022
Commonwealth of Australia / 澳大利亚联邦,Prime Minister / 总理,Anthony Albanese / 安东尼·阿尔巴尼斯,2022,2026
Kingdom of Fiji / 斐济王国,Monarch / 君主,Seru Epenisa Cakobau / 塞鲁·埃佩尼萨·萨空鲍,1871,1874
Fiji / 斐济,Monarch / 君主,Elizabeth II / 伊丽莎白二世,1970,1987
Fiji / 斐济,Governor-General / 总督,Robert Sidney Foster / 罗伯特·西德尼·福斯特,1970,1973
Fiji / 斐济,Governor-General / 总督,George Cakobau / 乔治·卡科鲍,1973,1983
Fiji / 斐济,Governor-General / 总督,Penaia Ganilau / 佩奈亚·加尼劳,1983,1987
Fiji / 斐济,Prime Minister / 总理,Kamisese Mara / 卡米塞塞·马拉,1970,1987
Fiji / 斐济,Prime Minister / 总理,Timoci Bavadra / 蒂莫西·巴瓦德拉,1987,1987
Republic of Fiji / 斐济共和国,President / 总统,Penaia Ganilau / 佩奈亚·加尼劳,1987,1993
Republic of Fiji / 斐济共和国,President / 总统,Kamisese Mara / 卡米塞塞·马拉,1993,2000
Republic of Fiji / 斐济共和国,President / 总统,Josefa Iloilo / 约瑟法·伊洛伊洛,2000,2006
Republic of Fiji / 斐济共和国,President / 总统,Frank Bainimarama / 弗兰克·拜尼马拉马,2006,2007
Republic of Fiji / 斐济共和国,President / 总统,Josefa Iloilo / 约瑟法·伊洛伊洛,2007,2009
Republic of Fiji / 斐济共和国,President / 总统,Epeli Nailatikau / 埃佩利·奈拉蒂考,2009,2015
Republic of Fiji / 斐济共和国,President / 总统,Jioji Konrote / 乔吉·孔罗特,2015,2021
Republic of Fiji / 斐济共和国,President / 总统,Wiliame Katonivere / 威廉姆·卡托尼韦雷,2021,2024
Republic of Fiji / 斐济共和国,President / 总统,Naiqama Lalabalavu / 奈卡马·拉拉巴拉武,2024,2026
Republic of Fiji / 斐济共和国,Prime Minister / 总理,Kamisese Mara / 卡米塞塞·马拉,1987,1992
Republic of Fiji / 斐济共和国,Prime Minister / 总理,Sitiveni Rabuka / 西蒂韦尼·兰布卡,1992,1999
Republic of Fiji / 斐济共和国,Prime Minister / 总理,Mahendra Chaudhry / 马亨德拉·乔杜里,1999,2000
Republic of Fiji / 斐济共和国,Prime Minister / 总理,Laisenia Qarase / 莱塞尼亚·卡拉塞,2000,2001
Republic of Fiji / 斐济共和国,Prime Minister / 总理,Mahendra Chaudhry / 马亨德拉·乔杜里,2001,2001
Republic of Fiji / 斐济共和国,Prime Minister / 总理,Laisenia Qarase / 莱塞尼亚·卡拉塞,2001,2006
Republic of Fiji / 斐济共和国,Prime Minister / 总理,Jona Senilagakali / 乔纳·塞尼拉加卡利,2006,2007
Republic of Fiji / 斐济共和国,Prime Minister / 总理,Frank Bainimarama / 弗兰克·拜尼马拉马,2007,2022
Republic of Fiji / 斐济共和国,Prime Minister / 总理,Sitiveni Rabuka / 西蒂韦尼·兰布卡,2022,2026
Independent State of Papua New Guinea / 巴布亚新几内亚独立国,Monarch / 君主,Elizabeth II / 伊丽莎白二世,1975,2022
Independent State of Papua New Guinea / 巴布亚新几内亚独立国,Monarch / 君主,Charles III / 查尔斯三世,2022,2026
Independent State of Papua New Guinea / 巴布亚新几内亚独立国,Governor-General / 总督,John Guise / 约翰·吉斯,1975,1977
Independent State of Papua New Guinea / 巴布亚新几内亚独立国,Governor-General / 总督,Tore Lokoloko / 托雷·洛科洛科,1977,1983
Independent State of Papua New Guinea / 巴布亚新几内亚独立国,Governor-General / 总督,Kingsford Dibela / 金斯福德·迪贝拉,1983,1989
Independent State of Papua New Guinea / 巴布亚新几内亚独立国,Governor-General / 总督,Ignatius Kilage / 伊格纳修斯·基拉格,1989,1989
Independent State of Papua New Guinea / 巴布亚新几内亚独立国,Governor-General / 总督,Dennis Young / 丹尼斯·杨,1989,1990
Independent State of Papua New Guinea / 巴布亚新几内亚独立国,Governor-General / 总督,Vincent Eri / 文森特·埃里,1990,1991
Independent State of Papua New Guinea / 巴布亚新几内亚独立国,Governor-General / 总督,Dennis Young / 丹尼斯·杨,1991,1991
Independent State of Papua New Guinea / 巴布亚新几内亚独立国,Governor-General / 总督,Wiwa Korowi / 维瓦·科罗维,1991,1997
Independent State of Papua New Guinea / 巴布亚新几内亚独立国,Governor-General / 总督,Silas Atopare / 西拉斯·阿托帕雷,1997,2003
Independent State of Papua New Guinea / 巴布亚新几内亚独立国,Governor-General / 总督,Bill Skate / 比尔·斯凯特,2003,2004
Independent State of Papua New Guinea / 巴布亚新几内亚独立国,Governor-General / 总督,Jeffery Nape / 杰弗里·纳佩,2004,2004
Independent State of Papua New Guinea / 巴布亚新几内亚独立国,Governor-General / 总督,Paulias Matane / 保利亚斯·马塔内,2004,2010
Independent State of Papua New Guinea / 巴布亚新几内亚独立国,Governor-General / 总督,Jeffery Nape / 杰弗里·纳佩,2010,2011
Independent State of Papua New Guinea / 巴布亚新几内亚独立国,Governor-General / 总督,Michael Ogio / 迈克尔·奥吉奥,2011,2017
Independent State of Papua New Guinea / 巴布亚新几内亚独立国,Governor-General / 总督,Theo Zurenuoc / 西奥·祖雷努奥克,2017,2017
Independent State of Papua New Guinea / 巴布亚新几内亚独立国,Governor-General / 总督,Bob Dadae / 鲍勃·达达埃,2017,2026
Independent State of Papua New Guinea / 巴布亚新几内亚独立国,Prime Minister / 总理,Michael Somare / 迈克尔·索马雷,1975,1980
Independent State of Papua New Guinea / 巴布亚新几内亚独立国,Prime Minister / 总理,Julius Chan / 朱利叶斯·陈,1980,1982
Independent State of Papua New Guinea / 巴布亚新几内亚独立国,Prime Minister / 总理,Michael Somare / 迈克尔·索马雷,1982,1985
Independent State of Papua New Guinea / 巴布亚新几内亚独立国,Prime Minister / 总理,Paias Wingti / 佩亚斯·温蒂,1985,1988
Independent State of Papua New Guinea / 巴布亚新几内亚独立国,Prime Minister / 总理,Rabbie Namaliu / 拉比·纳马柳,1988,1992
Independent State of Papua New Guinea / 巴布亚新几内亚独立国,Prime Minister / 总理,Paias Wingti / 佩亚斯·温蒂,1992,1994
Independent State of Papua New Guinea / 巴布亚新几内亚独立国,Prime Minister / 总理,Julius Chan / 朱利叶斯·陈,1994,1997
Independent State of Papua New Guinea / 巴布亚新几内亚独立国,Prime Minister / 总理,John Giheno / 约翰·吉赫诺,1997,1997
Independent State of Papua New Guinea / 巴布亚新几内亚独立国,Prime Minister / 总理,Julius Chan / 朱利叶斯·陈,1997,1997
Independent State of Papua New Guinea / 巴布亚新几内亚独立国,Prime Minister / 总理,Bill Skate / 比尔·斯凯特,1997,1999
Independent State of Papua New Guinea / 巴布亚新几内亚独立国,Prime Minister / 总理,Mekere Morauta / 梅克雷·莫劳塔,1999,2002
Independent State of Papua New Guinea / 巴布亚新几内亚独立国,Prime Minister / 总理,Michael Somare / 迈克尔·索马雷,2002,2011
Independent State of Papua New Guinea / 巴布亚新几内亚独立国,Prime Minister / 总理,Sam Abal / 萨姆·阿巴尔,2010,2011
Independent State of Papua New Guinea / 巴布亚新几内亚独立国,Prime Minister / 总理,Peter O'Neill / 彼得·奥尼尔,2011,2019
Independent State of Papua New Guinea / 巴布亚新几内亚独立国,Prime Minister / 总理,James Marape / 詹姆斯·马拉佩,2019,2026
Solomon Islands / 所罗门群岛,Monarch / 君主,Elizabeth II / 伊丽莎白二世,1978,2022
Solomon Islands / 所罗门群岛,Monarch / 君主,Charles III / 查尔斯三世,2022,2026
Solomon Islands / 所罗门群岛,Governor-General / 总督,Baddeley Devesi / 巴德利·德维西,1978,1988
Solomon Islands / 所罗门群岛,Governor-General / 总督,George Lepping / 乔治·莱平,1988,1994
Solomon Islands / 所罗门群岛,Governor-General / 总督,Moses Pitakaka / 摩西·皮塔卡卡,1994,1999
Solomon Islands / 所罗门群岛,Governor-General / 总督,John Lapli / 约翰·拉普利,1999,2004
Solomon Islands / 所罗门群岛,Governor-General / 总督,Nathaniel Waena / 纳撒尼尔·瓦埃纳,2004,2009
Solomon Islands / 所罗门群岛,Governor-General / 总督,Frank Kabui / 弗兰克·卡布伊,2009,2019
Solomon Islands / 所罗门群岛,Governor-General / 总督,David Vunagi / 戴维·武纳吉,2019,2024
Solomon Islands / 所罗门群岛,Governor-General / 总督,David Tiva Kapu / 戴维·蒂瓦·卡普,2024,2026
Solomon Islands / 所罗门群岛,Prime Minister / 总理,Peter Kenilorea / 彼得·凯尼洛雷亚,1978,1981
Solomon Islands / 所罗门群岛,Prime Minister / 总理,Solomon Mamaloni / 所罗门·马马洛尼,1981,1984
Solomon Islands / 所罗门群岛,Prime Minister / 总理,Peter Kenilorea / 彼得·凯尼洛雷亚,1984,1986
Solomon Islands / 所罗门群岛,Prime Minister / 总理,Ezekiel Alebua / 以西结·阿莱布阿,1986,1989
Solomon Islands / 所罗门群岛,Prime Minister / 总理,Solomon Mamaloni / 所罗门·马马洛尼,1989,1993
Solomon Islands / 所罗门群岛,Prime Minister / 总理,Francis Billy Hilly / 弗朗西斯·比利·希利,1993,1994
Solomon Islands / 所罗门群岛,Prime Minister / 总理,Solomon Mamaloni / 所罗门·马马洛尼,1994,1997
Solomon Islands / 所罗门群岛,Prime Minister / 总理,Bartholomew Ulufa'alu / 巴塞洛缪·乌卢法阿卢,1997,2000
Solomon Islands / 所罗门群岛,Prime Minister / 总理,Manasseh Sogavare / 马纳西·索加瓦雷,2000,2001
Solomon Islands / 所罗门群岛,Prime Minister / 总理,Allan Kemakeza / 艾伦·凯马凯扎,2001,2006
Solomon Islands / 所罗门群岛,Prime Minister / 总理,Snyder Rini / 斯奈德·里尼,2006,2006
Solomon Islands / 所罗门群岛,Prime Minister / 总理,Manasseh Sogavare / 马纳西·索加瓦雷,2006,2007
Solomon Islands / 所罗门群岛,Prime Minister / 总理,Derek Sikua / 德里克·西库阿,2007,2010
Solomon Islands / 所罗门群岛,Prime Minister / 总理,Danny Philip / 丹尼·菲利普,2010,2011
Solomon Islands / 所罗门群岛,Prime Minister / 总理,Gordon Darcy Lilo / 戈登·达西·利洛,2011,2014
Solomon Islands / 所罗门群岛,Prime Minister / 总理,Manasseh Sogavare / 马纳西·索加瓦雷,2014,2017
Solomon Islands / 所罗门群岛,Prime Minister / 总理,Rick Houenipwela / 里克·霍埃尼普韦拉,2017,2019
Solomon Islands / 所罗门群岛,Prime Minister / 总理,Manasseh Sogavare / 马纳西·索加瓦雷,2019,2024
Solomon Islands / 所罗门群岛,Prime Minister / 总理,Jeremiah Manele / 杰里迈亚·马内莱,2024,2026
Republic of Vanuatu / 瓦努阿图共和国,President / 总统,Ati George Sokomanu / 阿提·乔治·索科马努,1980,1984
Republic of Vanuatu / 瓦努阿图共和国,President / 总统,Frederick Karlomuana Timakata / 弗雷德里克·卡尔莫阿纳·蒂马卡塔,1984,1984
Republic of Vanuatu / 瓦努阿图共和国,President / 总统,Ati George Sokomanu / 阿提·乔治·索科马努,1984,1989
Republic of Vanuatu / 瓦努阿图共和国,President / 总统,Frederick Karlomuana Timakata / 弗雷德里克·卡尔莫阿纳·蒂马卡塔,1989,1994
Republic of Vanuatu / 瓦努阿图共和国,President / 总统,Jean-Marie Léyé Lenelgau / 让-玛丽·莱耶·莱内尔高,1994,1999
Republic of Vanuatu / 瓦努阿图共和国,President / 总统,John Bani / 约翰·巴尼,1999,2004
Republic of Vanuatu / 瓦努阿图共和国,President / 总统,Alfred Maseng / 阿尔弗雷德·马森,2004,2004
Republic of Vanuatu / 瓦努阿图共和国,President / 总统,Kalkot Mataskelekele / 卡尔科特·马塔斯凯莱凯莱,2004,2009
Republic of Vanuatu / 瓦努阿图共和国,President / 总统,Iolu Abil / 伊奥卢·阿比尔,2009,2014
Republic of Vanuatu / 瓦努阿图共和国,President / 总统,Baldwin Lonsdale / 鲍德温·朗斯代尔,2014,2017
Republic of Vanuatu / 瓦努阿图共和国,President / 总统,Tallis Obed Moses / 塔利斯·奥贝德·莫西斯,2017,2022
Republic of Vanuatu / 瓦努阿图共和国,President / 总统,Nikenike Vurobaravu / 尼基尼克·武罗巴拉武,2022,2026
Republic of Vanuatu / 瓦努阿图共和国,Prime Minister / 总理,Walter Lini / 沃尔特·利尼,1980,1991
Republic of Vanuatu / 瓦努阿图共和国,Prime Minister / 总理,Donald Kalpokas / 唐纳德·卡尔波卡斯,1991,1991
Republic of Vanuatu / 瓦努阿图共和国,Prime Minister / 总理,Maxime Carlot Korman / 马克西姆·卡洛特·科尔曼,1991,1991
Republic of Vanuatu / 瓦努阿图共和国,Prime Minister / 总理,Donald Kalpokas / 唐纳德·卡尔波卡斯,1991,1991
Republic of Vanuatu / 瓦努阿图共和国,Prime Minister / 总理,Maxime Carlot Korman / 马克西姆·卡洛特·科尔曼,1991,1996
Republic of Vanuatu / 瓦努阿图共和国,Prime Minister / 总理,Serge Vohor / 塞尔日·沃霍尔,1996,1996
Republic of Vanuatu / 瓦努阿图共和国,Prime Minister / 总理,Maxime Carlot Korman / 马克西姆·卡洛特·科尔曼,1996,1996
Republic of Vanuatu / 瓦努阿图共和国,Prime Minister / 总理,Serge Vohor / 塞尔日·沃霍尔,1996,1998
Republic of Vanuatu / 瓦努阿图共和国,Prime Minister / 总理,Donald Kalpokas / 唐纳德·卡尔波卡斯,1998,1999
Republic of Vanuatu / 瓦努阿图共和国,Prime Minister / 总理,Barak Sopé / 巴拉克·索佩,1999,2001
Republic of Vanuatu / 瓦努阿图共和国,Prime Minister / 总理,Edward Natapei / 爱德华·纳塔佩伊,2001,2004
Republic of Vanuatu / 瓦努阿图共和国,Prime Minister / 总理,Serge Vohor / 塞尔日·沃霍尔,2004,2004
Republic of Vanuatu / 瓦努阿图共和国,Prime Minister / 总理,Ham Lini / 哈姆·利尼,2004,2008
Republic of Vanuatu / 瓦努阿图共和国,Prime Minister / 总理,Edward Natapei / 爱德华·纳塔佩伊,2008,2009
Republic of Vanuatu / 瓦努阿图共和国,Prime Minister / 总理,Sato Kilman / 萨托·基尔曼,2010,2011
Republic of Vanuatu / 瓦努阿图共和国,Prime Minister / 总理,Serge Vohor / 塞尔日·沃霍尔,2011,2011
Republic of Vanuatu / 瓦努阿图共和国,Prime Minister / 总理,Sato Kilman / 萨托·基尔曼,2011,2011
Republic of Vanuatu / 瓦努阿图共和国,Prime Minister / 总理,Edward Natapei / 爱德华·纳塔佩伊,2011,2011
Republic of Vanuatu / 瓦努阿图共和国,Prime Minister / 总理,Sato Kilman / 萨托·基尔曼,2011,2013
Republic of Vanuatu / 瓦努阿图共和国,Prime Minister / 总理,Moana Carcasses Kalosil / 莫阿纳·卡萨西斯·卡洛西尔,2013,2014
Republic of Vanuatu / 瓦努阿图共和国,Prime Minister / 总理,Joe Natuman / 乔·纳图曼,2014,2015
Republic of Vanuatu / 瓦努阿图共和国,Prime Minister / 总理,Sato Kilman / 萨托·基尔曼,2015,2016
Republic of Vanuatu / 瓦努阿图共和国,Prime Minister / 总理,Charlot Salwai / 夏洛特·萨尔瓦伊,2016,2020
Republic of Vanuatu / 瓦努阿图共和国,Prime Minister / 总理,Bob Loughman / 鲍勃·洛夫曼,2020,2022
Republic of Vanuatu / 瓦努阿图共和国,Prime Minister / 总理,Ishmael Kalsakau / 伊什梅尔·卡尔萨考,2022,2023
Republic of Vanuatu / 瓦努阿图共和国,Prime Minister / 总理,Sato Kilman / 萨托·基尔曼,2023,2023
Republic of Vanuatu / 瓦努阿图共和国,Prime Minister / 总理,Charlot Salwai / 夏洛特·萨尔瓦伊,2023,2025
Republic of Vanuatu / 瓦努阿图共和国,Prime Minister / 总理,Jotham Napat / 约瑟姆·纳帕特,2025,2026
Republic of Nauru / 瑙鲁共和国,President / 总统,Hammer DeRoburt / 哈默·德罗伯特,1968,1976
Republic of Nauru / 瑙鲁共和国,President / 总统,Bernard Dowiyogo / 伯纳德·多维约戈,1976,1978
Republic of Nauru / 瑙鲁共和国,President / 总统,Lagumot Harris / 拉古莫特·哈里斯,1978,1978
Republic of Nauru / 瑙鲁共和国,President / 总统,Hammer DeRoburt / 哈默·德罗伯特,1978,1986
Republic of Nauru / 瑙鲁共和国,President / 总统,Kennan Adeang / 基南·阿迪昂,1986,1986
Republic of Nauru / 瑙鲁共和国,President / 总统,Hammer DeRoburt / 哈默·德罗伯特,1986,1986
Republic of Nauru / 瑙鲁共和国,President / 总统,Kennan Adeang / 基南·阿迪昂,1986,1986
Republic of Nauru / 瑙鲁共和国,President / 总统,Hammer DeRoburt / 哈默·德罗伯特,1986,1989
Republic of Nauru / 瑙鲁共和国,President / 总统,Kenas Aroi / 赫纳斯·阿罗伊,1989,1989
Republic of Nauru / 瑙鲁共和国,President / 总统,Bernard Dowiyogo / 伯纳德·多维约戈,1989,1995
Republic of Nauru / 瑙鲁共和国,President / 总统,Lagumot Harris / 拉古莫特·哈里斯,1995,1996
Republic of Nauru / 瑙鲁共和国,President / 总统,Bernard Dowiyogo / 伯纳德·多维约戈,1996,1996
Republic of Nauru / 瑙鲁共和国,President / 总统,Kennan Adeang / 基南·阿迪昂,1996,1996
Republic of Nauru / 瑙鲁共和国,President / 总统,Ruben Kun / 鲁本·昆,1996,1997
Republic of Nauru / 瑙鲁共和国,President / 总统,Kinza Clodumar / 金扎·克洛杜马尔,1997,1998
Republic of Nauru / 瑙鲁共和国,President / 总统,Bernard Dowiyogo / 伯纳德·多维约戈,1998,1999
Republic of Nauru / 瑙鲁共和国,President / 总统,René Harris / 雷内·哈里斯,1999,2000
Republic of Nauru / 瑙鲁共和国,President / 总统,Bernard Dowiyogo / 伯纳德·多维约戈,2000,2001
Republic of Nauru / 瑙鲁共和国,President / 总统,René Harris / 雷内·哈里斯,2001,2003
Republic of Nauru / 瑙鲁共和国,President / 总统,Bernard Dowiyogo / 伯纳德·多维约戈,2003,2003
Republic of Nauru / 瑙鲁共和国,President / 总统,Derog Gioura / 德罗格·吉奥拉,2003,2003
Republic of Nauru / 瑙鲁共和国,President / 总统,Ludwig Scotty / 路德维希·斯科蒂,2003,2003
Republic of Nauru / 瑙鲁共和国,President / 总统,René Harris / 雷内·哈里斯,2003,2004
Republic of Nauru / 瑙鲁共和国,President / 总统,Ludwig Scotty / 路德维希·斯科蒂,2004,2007
Republic of Nauru / 瑙鲁共和国,President / 总统,Marcus Stephen / 马库斯·斯蒂芬,2007,2011
Republic of Nauru / 瑙鲁共和国,President / 总统,Freddie Pitcher / 弗雷迪·皮彻,2011,2011
Republic of Nauru / 瑙鲁共和国,President / 总统,Sprent Dabwido / 斯普伦特·达布维多,2011,2013
Republic of Nauru / 瑙鲁共和国,President / 总统,Baron Waqa / 巴伦·瓦卡,2013,2019
Republic of Nauru / 瑙鲁共和国,President / 总统,Lionel Aingimea / 莱昂内尔·阿英吉梅亚,2019,2022
Republic of Nauru / 瑙鲁共和国,President / 总统,Russ Kun / 拉斯·昆,2022,2023
Republic of Nauru / 瑙鲁共和国,President / 总统,David Adeang / 大卫·阿迪昂,2023,2026
Federated States of Micronesia / 密克罗尼西亚联邦,President / 总统,Tosiwo Nakayama / 中山利雄,1979,1987
Federated States of Micronesia / 密克罗尼西亚联邦,President / 总统,John Haglelgam / 约翰·哈格勒尔加姆,1987,1991
Federated States of Micronesia / 密克罗尼西亚联邦,President / 总统,Bailey Olter / 贝利·奥尔特,1991,1996
Federated States of Micronesia / 密克罗尼西亚联邦,President / 总统,Jacob Nena / 雅各布·内纳,1996,1999
Federated States of Micronesia / 密克罗尼西亚联邦,President / 总统,Leo Falcam / 利奥·法尔坎,1999,2003
Federated States of Micronesia / 密克罗尼西亚联邦,President / 总统,Joseph Urusemal / 约瑟夫·乌鲁塞马尔,2003,2007
Federated States of Micronesia / 密克罗尼西亚联邦,President / 总统,Manny Mori / 曼尼·莫里,2007,2015
Federated States of Micronesia / 密克罗尼西亚联邦,President / 总统,Peter Christian / 彼得·克里斯蒂安,2015,2019
Federated States of Micronesia / 密克罗尼西亚联邦,President / 总统,David Panuelo / 大卫·帕努埃洛,2019,2023
Federated States of Micronesia / 密克罗尼西亚联邦,President / 总统,Wesley Simina / 韦斯利·西米纳,2023,2026
Republic of Kiribati / 基里巴斯共和国,President / 总统,Ieremia Tabai / 耶雷米亚·塔巴伊,1979,1982
Republic of Kiribati / 基里巴斯共和国,President / 总统,Rota Onorio / 罗塔·奥诺里奥,1982,1983
Republic of Kiribati / 基里巴斯共和国,President / 总统,Ieremia Tabai / 耶雷米亚·塔巴伊,1983,1991
Republic of Kiribati / 基里巴斯共和国,President / 总统,Teatao Teannaki / 泰阿陶·蒂阿纳基,1991,1994
Republic of Kiribati / 基里巴斯共和国,President / 总统,Tekiree Tamuera / 特基里·塔穆埃拉,1994,1994
Republic of Kiribati / 基里巴斯共和国,President / 总统,Ata Teaotai / 阿塔·特奥陶泰,1994,1994
Republic of Kiribati / 基里巴斯共和国,President / 总统,Teburoro Tito / 特布罗罗·蒂托,1994,2003
Republic of Kiribati / 基里巴斯共和国,President / 总统,Tion Otang / 蒂昂·奥唐,2003,2003
Republic of Kiribati / 基里巴斯共和国,President / 总统,Anote Tong / 阿诺特·通,2003,2016
Republic of Kiribati / 基里巴斯共和国,President / 总统,Taneti Maamau / 塔内蒂·马马乌,2016,2026
Republic of the Marshall Islands / 马绍尔群岛共和国,President / 总统,Amata Kabua / 阿马塔·卡布阿,1979,1996
Republic of the Marshall Islands / 马绍尔群岛共和国,President / 总统,Kunio Lemari / 库尼奥·莱马里,1996,1997
Republic of the Marshall Islands / 马绍尔群岛共和国,President / 总统,Imata Kabua / 伊马塔·卡布阿,1997,2000
Republic of the Marshall Islands / 马绍尔群岛共和国,President / 总统,Kessai Note / 凯赛·诺特,2000,2008
Republic of the Marshall Islands / 马绍尔群岛共和国,President / 总统,Litokwa Tomeing / 利托夸·托梅因,2008,2009
Republic of the Marshall Islands / 马绍尔群岛共和国,President / 总统,Ruben Zackhras / 鲁本·扎克拉斯,2009,2009
Republic of the Marshall Islands / 马绍尔群岛共和国,President / 总统,Jurelang Zedkaia / 朱雷朗·泽德凯亚,2009,2012
Republic of the Marshall Islands / 马绍尔群岛共和国,President / 总统,Christopher Loeak / 克里斯托弗·洛埃克,2012,2016
Republic of the Marshall Islands / 马绍尔群岛共和国,President / 总统,Casten Nemra / 卡斯滕·内姆拉,2016,2016
Republic of the Marshall Islands / 马绍尔群岛共和国,President / 总统,Hilda Heine / 希尔达·海因,2016,2020
Republic of the Marshall Islands / 马绍尔群岛共和国,President / 总统,David Kabua / 大卫·卡布阿,2020,2024
Republic of the Marshall Islands / 马绍尔群岛共和国,President / 总统,Hilda Heine / 希尔达·海因,2024,2026
Republic of Palau / 帕劳共和国,President / 总统,Haruo Remeliik / 哈鲁奥·雷梅利克,1981,1985
Republic of Palau / 帕劳共和国,President / 总统,Thomas Remengesau Sr. / 老托马斯·雷门格绍,1985,1985
Republic of Palau / 帕劳共和国,President / 总统,Alfonso Oiterong / 阿尔丰索·奥伊特龙,1985,1985
Republic of Palau / 帕劳共和国,President / 总统,Lazarus Salii / 拉撒路·萨利,1985,1988
Republic of Palau / 帕劳共和国,President / 总统,Thomas Remengesau Sr. / 老托马斯·雷门格绍,1988,1989
Republic of Palau / 帕劳共和国,President / 总统,Ngiratkel Etpison / 尼格拉特克尔·埃普森,1989,1993
Republic of Palau / 帕劳共和国,President / 总统,Kuniwo Nakamura / 中村国雄,1993,2001
Republic of Palau / 帕劳共和国,President / 总统,Thomas Remengesau Jr. / 小托马斯·雷门格绍,2001,2009
Republic of Palau / 帕劳共和国,President / 总统,Johnson Toribiong / 陶瑞宾,2009,2013
Republic of Palau / 帕劳共和国,President / 总统,Thomas Remengesau Jr. / 小托马斯·雷门格绍,2013,2021
Republic of Palau / 帕劳共和国,President / 总统,Surangel Whipps Jr. / 苏朗杰尔·惠普斯,2021,2026
Tuʻi Tonga Empire / 图伊汤加帝国,Tuʻi Tonga / 图伊汤加,Laufilitonga / 劳菲利汤加,1827,1865
Kingdom of Tahiti / 塔希提王国,Monarch / 君主,Pōmare I / 波马雷一世,1788,1803
Kingdom of Tahiti / 塔希提王国,Monarch / 君主,Pōmare II / 波马雷二世,1803,1808
Kingdom of Tahiti / 塔希提王国,Monarch / 君主,Pōmare II / 波马雷二世,1815,1821
Kingdom of Tahiti / 塔希提王国,Monarch / 君主,Pōmare III / 波马雷三世,1821,1827
Kingdom of Tahiti / 塔希提王国,Monarch / 君主,Pōmare IV / 波马雷四世,1827,1877
Kingdom of Tahiti / 塔希提王国,Monarch / 君主,Pōmare V / 波马雷五世,1877,1880
Hawaiian Kingdom / 夏威夷王国,Monarch / 君主,Kamehameha I / 卡美哈梅哈一世,1795,1819
Hawaiian Kingdom / 夏威夷王国,Monarch / 君主,Kamehameha II / 卡美哈梅哈二世,1819,1824
Hawaiian Kingdom / 夏威夷王国,Monarch / 君主,Kamehameha III / 卡美哈梅哈三世,1824,1854
Hawaiian Kingdom / 夏威夷王国,Monarch / 君主,Kamehameha IV / 卡美哈梅哈四世,1854,1863
Hawaiian Kingdom / 夏威夷王国,Monarch / 君主,Kamehameha V / 卡美哈梅哈五世,1863,1872
Hawaiian Kingdom / 夏威夷王国,Monarch / 君主,Lunalilo / 卢纳利洛,1873,1874
Hawaiian Kingdom / 夏威夷王国,Monarch / 君主,Kalākaua / 卡拉卡瓦,1874,1891
Hawaiian Kingdom / 夏威夷王国,Monarch / 君主,Liliʻuokalani / 利留卡拉尼,1891,1893
Hawaiian Kingdom / 夏威夷王国,Kuhina Nui / 库希纳·努伊（首相）,Kaʻahumanu III / 卡阿胡马努三世,1840,1845
Hawaiian Kingdom / 夏威夷王国,Kuhina Nui / 库希纳·努伊（首相）,Keoni Ana / 约翰·安娜（基奥尼·安娜）,1845,1855
Hawaiian Kingdom / 夏威夷王国,Kuhina Nui / 库希纳·努伊（首相）,Victoria Kamāmalu / 维多利亚·卡玛玛鲁,1855,1863
Hawaiian Kingdom / 夏威夷王国,Kuhina Nui / 库希纳·努伊（首相）,Mataio Kekūanaōʻa / 马塔奥·凯库阿纳奥阿,1863,1864
Republic of Hawaii / 夏威夷共和国,President / 总统,Sanford Dole / 桑福德·多尔,1894,1898
New Zealand / 新西兰,Monarch / 君主,Edward VII / 爱德华七世,1907,1910
New Zealand / 新西兰,Monarch / 君主,George V / 乔治五世,1910,1936
New Zealand / 新西兰,Monarch / 君主,Edward VIII / 爱德华八世,1936,1936
New Zealand / 新西兰,Monarch / 君主,George VI / 乔治六世,1936,1952
New Zealand / 新西兰,Monarch / 君主,Elizabeth II / 伊丽莎白二世,1952,2022
New Zealand / 新西兰,Monarch / 君主,Charles III / 查尔斯三世,2022,2026
New Zealand / 新西兰,Governor / 总督,William Plunket / 威廉·普伦基特（普伦基特男爵）,1907,1910
New Zealand / 新西兰,Governor / 总督,Arthur Foljambe / 阿瑟·福尔贾姆（利物浦伯爵）,1912,1917
New Zealand / 新西兰,Governor-General / 总督,Arthur Foljambe / 阿瑟·福尔贾姆（利物浦伯爵）,1917,1920
New Zealand / 新西兰,Governor-General / 总督,John Jellicoe / 约翰·杰利科（杰利科伯爵）,1920,1924
New Zealand / 新西兰,Governor-General / 总督,Charles Fergusson / 查尔斯·弗格森,1924,1930
New Zealand / 新西兰,Governor-General / 总督,Charles Bathurst / 查尔斯·巴瑟斯特（比德斯洛勋爵）,1930,1935
New Zealand / 新西兰,Governor-General / 总督,George Monckton-Arundell / 乔治·蒙克顿-阿伦德尔（加尔韦伯爵）,1935,1941
New Zealand / 新西兰,Governor-General / 总督,Cyril Newall / 西里尔·纽厄尔,1941,1946
New Zealand / 新西兰,Governor-General / 总督,Bernard Freyberg / 伯纳德·弗雷伯格,1946,1952
New Zealand / 新西兰,Governor-General / 总督,Willoughby Norrie / 威洛比·诺里,1952,1957
New Zealand / 新西兰,Governor-General / 总督,Charles Lyttelton / 查尔斯·利特尔顿（科巴姆子爵）,1957,1962
New Zealand / 新西兰,Governor-General / 总督,Bernard Fergusson / 伯纳德·弗格森,1962,1967
New Zealand / 新西兰,Governor-General / 总督,Arthur Porritt / 阿瑟·波里特,1967,1972
New Zealand / 新西兰,Governor-General / 总督,Denis Blundell / 丹尼斯·布伦德尔,1972,1977
New Zealand / 新西兰,Governor-General / 总督,Keith Holyoake / 基思·霍利奥克,1977,1980
New Zealand / 新西兰,Governor-General / 总督,David Beattie / 戴维·比蒂,1980,1985
New Zealand / 新西兰,Governor-General / 总督,Paul Reeves / 保罗·里夫斯,1985,1990
New Zealand / 新西兰,Governor-General / 总督,Catherine Tizard / 凯瑟琳·蒂扎德,1990,1996
New Zealand / 新西兰,Governor-General / 总督,Michael Hardie Boys / 迈克尔·哈迪·博伊斯,1996,2001
New Zealand / 新西兰,Governor-General / 总督,Silvia Cartwright / 西尔维娅·卡特赖特,2001,2006
New Zealand / 新西兰,Governor-General / 总督,Anand Satyanand / 阿南德·萨蒂亚南德,2006,2011
New Zealand / 新西兰,Governor-General / 总督,Jerry Mateparae / 杰里·马泰帕雷,2011,2016
New Zealand / 新西兰,Governor-General / 总督,Patsy Reddy / 帕齐·雷迪,2016,2021
New Zealand / 新西兰,Governor-General / 总督,Cindy Kiro / 辛迪·基罗,2021,2026
New Zealand / 新西兰,Prime Minister / 总理,Joseph Ward / 约瑟夫·沃德,1907,1912
New Zealand / 新西兰,Prime Minister / 总理,Thomas Mackenzie / 托马斯·麦肯齐,1912,1912
New Zealand / 新西兰,Prime Minister / 总理,William Massey / 威廉·马西,1912,1925
New Zealand / 新西兰,Prime Minister / 总理,Francis Bell / 弗朗西斯·贝尔,1925,1925
New Zealand / 新西兰,Prime Minister / 总理,Gordon Coates / 戈登·科茨,1925,1928
New Zealand / 新西兰,Prime Minister / 总理,Joseph Ward / 约瑟夫·沃德,1928,1930
New Zealand / 新西兰,Prime Minister / 总理,George Forbes / 乔治·福布斯,1930,1935
New Zealand / 新西兰,Prime Minister / 总理,Michael Joseph Savage / 迈克尔·约瑟夫·萨维奇,1935,1940
New Zealand / 新西兰,Prime Minister / 总理,Peter Fraser / 彼得·弗雷泽,1940,1949
New Zealand / 新西兰,Prime Minister / 总理,Sidney Holland / 西德尼·霍兰德,1949,1957
New Zealand / 新西兰,Prime Minister / 总理,Keith Holyoake / 基思·霍利奥克,1957,1957
New Zealand / 新西兰,Prime Minister / 总理,Walter Nash / 沃尔特·纳什,1957,1960
New Zealand / 新西兰,Prime Minister / 总理,Keith Holyoake / 基思·霍利奥克,1960,1972
New Zealand / 新西兰,Prime Minister / 总理,Jack Marshall / 杰克·马歇尔,1972,1972
New Zealand / 新西兰,Prime Minister / 总理,Norman Kirk / 诺曼·柯克,1972,1974
New Zealand / 新西兰,Prime Minister / 总理,Bill Rowling / 比尔·罗林,1974,1975
New Zealand / 新西兰,Prime Minister / 总理,Robert Muldoon / 罗伯特·马尔登,1975,1984
New Zealand / 新西兰,Prime Minister / 总理,David Lange / 大卫·朗伊,1984,1989
New Zealand / 新西兰,Prime Minister / 总理,Geoffrey Palmer / 杰弗里·帕尔默,1989,1990
New Zealand / 新西兰,Prime Minister / 总理,Mike Moore / 迈克·穆尔,1990,1990
New Zealand / 新西兰,Prime Minister / 总理,Jim Bolger / 吉姆·博尔杰,1990,1997
New Zealand / 新西兰,Prime Minister / 总理,Jenny Shipley / 珍妮·希普利,1997,1999
New Zealand / 新西兰,Prime Minister / 总理,Helen Clark / 海伦·克拉克,1999,2008
New Zealand / 新西兰,Prime Minister / 总理,John Key / 约翰·基,2008,2016
New Zealand / 新西兰,Prime Minister / 总理,Bill English / 比尔·英格利希,2016,2017
New Zealand / 新西兰,Prime Minister / 总理,Jacinda Ardern / 杰辛达·阿德恩,2017,2023
New Zealand / 新西兰,Prime Minister / 总理,Chris Hipkins / 克里斯·希普金斯,2023,2023
New Zealand / 新西兰,Prime Minister / 总理,Christopher Luxon / 克里斯托弗·卢克森,2023,2026
Independent State of Samoa / 萨摩亚独立国,O le Ao o le Malo / 国家元首,Tupua Tamasese Meaʻole / 图普阿·塔马塞塞·梅阿奥莱,1962,1963
Independent State of Samoa / 萨摩亚独立国,O le Ao o le Malo / 国家元首,Malietoa Tanumafili II / 马列托阿·塔努马菲利二世,1962,2007
Independent State of Samoa / 萨摩亚独立国,O le Ao o le Malo / 国家元首,Tui Ātua Tupua Tamasese Tupuola Tufuga Efi / 图伊阿图阿·塔马塞塞·埃菲,2007,2017
Independent State of Samoa / 萨摩亚独立国,O le Ao o le Malo / 国家元首,Tuimalealiʻifano Vaʻaletoʻa Sualauvi II / 图伊马莱阿利法诺·瓦莱托阿·苏阿劳维二世,2017,2026
Independent State of Samoa / 萨摩亚独立国,Prime Minister / 总理,Mata'afa Mulinu'u II / 马塔阿法·穆利努乌二世,1962,1970
Independent State of Samoa / 萨摩亚独立国,Prime Minister / 总理,Tupua Tamasese Lealofi IV / 图普阿·塔马塞塞·利奥洛菲四世,1970,1973
Independent State of Samoa / 萨摩亚独立国,Prime Minister / 总理,Mata'afa Mulinu'u II / 马塔阿法·穆利努乌二世,1973,1975
Independent State of Samoa / 萨摩亚独立国,Prime Minister / 总理,Tupua Tamasese Lealofi IV / 图普阿·塔马塞塞·利奥洛菲四世,1975,1976
Independent State of Samoa / 萨摩亚独立国,Prime Minister / 总理,Tui Ātua Tupua Tamasese Efi / 图伊阿图阿·塔马塞塞·埃菲,1976,1982
Independent State of Samoa / 萨摩亚独立国,Prime Minister / 总理,Vaʻai Kolone / 瓦埃·科洛内,1982,1982
Independent State of Samoa / 萨摩亚独立国,Prime Minister / 总理,Tui Ātua Tupua Tamasese Efi / 图伊阿图阿·塔马塞塞·埃菲,1982,1982
Independent State of Samoa / 萨摩亚独立国,Prime Minister / 总理,Tofilau Eti Alesana / 托菲劳·埃蒂·阿莱萨纳,1982,1985
Independent State of Samoa / 萨摩亚独立国,Prime Minister / 总理,Vaʻai Kolone / 瓦埃·科洛内,1985,1988
Independent State of Samoa / 萨摩亚独立国,Prime Minister / 总理,Tofilau Eti Alesana / 托菲劳·埃蒂·阿莱萨纳,1988,1998
Independent State of Samoa / 萨摩亚独立国,Prime Minister / 总理,Tuilaʻepa Saʻilele Malielegaoi / 图伊拉埃帕·萨伊莱莱·马利埃莱盖奥伊,1998,2021
Independent State of Samoa / 萨摩亚独立国,Prime Minister / 总理,Fiamē Naomi Mataʻafa / 菲亚梅·娜奥米·马塔阿法,2021,2025
Independent State of Samoa / 萨摩亚独立国,Prime Minister / 总理,Laʻauli Leuatea Schmidt / 拉奥利·莱乌阿特亚·施密特,2025,2026
Cook Islands / 库克群岛,Monarch / 君主,Elizabeth II / 伊丽莎白二世,1965,2022
Cook Islands / 库克群岛,Monarch / 君主,Charles III / 查尔斯三世,2022,2026
Cook Islands / 库克群岛,Prime Minister / 总理,Albert Henry / 阿尔伯特·亨利,1965,1978
Cook Islands / 库克群岛,Prime Minister / 总理,Tom Davis / 汤姆·戴维斯,1978,1983
Cook Islands / 库克群岛,Prime Minister / 总理,Geoffrey Henry / 杰弗里·亨利,1983,1983
Cook Islands / 库克群岛,Prime Minister / 总理,Tom Davis / 汤姆·戴维斯,1983,1987
Cook Islands / 库克群岛,Prime Minister / 总理,Pupuke Robati / 普普克·罗巴蒂,1987,1989
Cook Islands / 库克群岛,Prime Minister / 总理,Geoffrey Henry / 杰弗里·亨利,1989,1999
Cook Islands / 库克群岛,Prime Minister / 总理,Joe Williams / 乔·威廉姆斯,1999,1999
Cook Islands / 库克群岛,Prime Minister / 总理,Terepai Maoate / 特雷派·毛阿特,1999,2002
Cook Islands / 库克群岛,Prime Minister / 总理,Robert Woonton / 罗伯特·伍恩顿,2002,2004
Cook Islands / 库克群岛,Prime Minister / 总理,Jim Marurai / 吉姆·马鲁拉伊,2004,2010
Cook Islands / 库克群岛,Prime Minister / 总理,Henry Puna / 亨利·普纳,2010,2020
Cook Islands / 库克群岛,Prime Minister / 总理,Mark Brown / 马克·布朗,2020,2026
Niue / 纽埃,Monarch / 君主,Elizabeth II / 伊丽莎白二世,1974,2022
Niue / 纽埃,Monarch / 君主,Charles III / 查尔斯三世,2022,2026
Niue / 纽埃,Prime Minister / 总理,Robert Rex / 罗伯特·雷克斯,1974,1992
Niue / 纽埃,Prime Minister / 总理,Young Vivian / 扬·维维安,1992,1993
Niue / 纽埃,Prime Minister / 总理,Frank Lui / 弗兰克·卢伊,1993,1999
Niue / 纽埃,Prime Minister / 总理,Sani Lakatani / 萨尼·拉卡塔尼,1999,2002
Niue / 纽埃,Prime Minister / 总理,Young Vivian / 扬·维维安,2002,2008
Niue / 纽埃,Prime Minister / 总理,Toke Talagi / 托克·塔拉吉,2008,2020
Niue / 纽埃,Prime Minister / 总理,Dalton Tagelagi / 道尔顿·塔格拉吉,2020,2026
Kingdom of Tonga / 汤加王国,Monarch / 君主,Tāufaʻāhau Tupou IV / 陶法阿豪·图普四世,1970,2006
Kingdom of Tonga / 汤加王国,Monarch / 君主,George Tupou V / 乔治·图普五世,2006,2012
Kingdom of Tonga / 汤加王国,Monarch / 君主,Tupou VI / 图普六世,2012,2026
Kingdom of Tonga / 汤加王国,Prime Minister / 首相,Feleti Sevele / 费莱蒂·塞韦莱,2008,2010
Kingdom of Tonga / 汤加王国,Prime Minister / 首相,Sialeʻataongo Tuʻivakanō / 西亚莱阿通戈·图伊瓦卡诺,2010,2014
Kingdom of Tonga / 汤加王国,Prime Minister / 首相,ʻAkilisi Pōhiva / 阿基利西·波希瓦,2014,2019
Kingdom of Tonga / 汤加王国,Prime Minister / 首相,Sēmisi Sika / 塞米西·西卡,2019,2019
Kingdom of Tonga / 汤加王国,Prime Minister / 首相,Pōhiva Tuʻiʻonetoa / 波希瓦·图伊奥内托阿,2019,2021
Kingdom of Tonga / 汤加王国,Prime Minister / 首相,Siaosi Sovaleni / 西奥西·索瓦莱尼,2021,2024
Kingdom of Tonga / 汤加王国,Prime Minister / 首相,Samiu Vaipulu / 萨米乌·瓦伊普卢,2024,2025
Kingdom of Tonga / 汤加王国,Prime Minister / 首相,ʻAisake Eke / 艾萨克·埃克,2025,2025
Kingdom of Tonga / 汤加王国,Prime Minister / 首相,Fatafehi Fakafānua / 法塔费希·法卡法努阿,2025,2026
Tuvalu / 图瓦卢,Monarch / 君主,Elizabeth II / 伊丽莎白二世,1978,2022
Tuvalu / 图瓦卢,Monarch / 君主,Charles III / 查尔斯三世,2022,2026
Tuvalu / 图瓦卢,Governor-General / 总督,Fiatau Penitala Teo / 菲亚陶·佩尼塔拉·特奥,1978,1986
Tuvalu / 图瓦卢,Governor-General / 总督,Tupua Leupena / 图普阿·莱乌佩纳,1986,1990
Tuvalu / 图瓦卢,Governor-General / 总督,Toaripi Lauti / 托阿里皮·劳蒂,1990,1993
Tuvalu / 图瓦卢,Governor-General / 总督,Tomu Sione / 托穆·西奥内,1993,1994
Tuvalu / 图瓦卢,Governor-General / 总督,Tulaga Manuella / 图拉加·马努埃拉,1994,1998
Tuvalu / 图瓦卢,Governor-General / 总督,Tomasi Puapua / 托马西·普阿普阿,1998,2003
Tuvalu / 图瓦卢,Governor-General / 总督,Faimalaga Luka / 法伊马拉加·卢卡,2003,2005
Tuvalu / 图瓦卢,Governor-General / 总督,Filoimea Telito / 菲洛伊梅亚·特利托,2005,2010
Tuvalu / 图瓦卢,Governor-General / 总督,Kamuta Latasi / 卡穆塔·拉塔西,2010,2010
Tuvalu / 图瓦卢,Governor-General / 总督,Iakoba Italeli / 伊亚科巴·伊塔莱利,2010,2019
Tuvalu / 图瓦卢,Governor-General / 总督,Teniku Talesi / 特尼库·塔莱西,2019,2021
Tuvalu / 图瓦卢,Governor-General / 总督,Samuelu Teo / 萨穆埃卢·特奥,2021,2021
Tuvalu / 图瓦卢,Governor-General / 总督,Tofiga Vaevalu Falani / 托菲加·瓦埃瓦卢·法拉尼,2021,2026
Tuvalu / 图瓦卢,Prime Minister / 总理,Toaripi Lauti / 托阿利皮·劳蒂,1978,1981
Tuvalu / 图瓦卢,Prime Minister / 总理,Tomasi Puapua / 托马西·普阿普阿,1981,1989
Tuvalu / 图瓦卢,Prime Minister / 总理,Bikenibeu Paeniu / 比肯尼贝乌·帕埃纽,1989,1993
Tuvalu / 图瓦卢,Prime Minister / 总理,Kamuta Latasi / 卡穆塔·拉塔西,1993,1996
Tuvalu / 图瓦卢,Prime Minister / 总理,Bikenibeu Paeniu / 比肯尼贝乌·帕埃纽,1996,1999
Tuvalu / 图瓦卢,Prime Minister / 总理,Ionatana Ionatana / 伊奥纳塔纳·伊奥纳塔纳,1999,2000
Tuvalu / 图瓦卢,Prime Minister / 总理,Lagitupu Tuilimu / 拉吉图普·图伊利穆,2000,2001
Tuvalu / 图瓦卢,Prime Minister / 总理,Faimalaga Luka / 法伊马拉加·卢卡,2001,2001
Tuvalu / 图瓦卢,Prime Minister / 总理,Koloa Talake / 科洛阿·塔拉克,2001,2002
Tuvalu / 图瓦卢,Prime Minister / 总理,Saufatu Sopoanga / 索法图·索波安加,2002,2004
Tuvalu / 图瓦卢,Prime Minister / 总理,Maatia Toafa / 马蒂亚·托阿法,2004,2006
Tuvalu / 图瓦卢,Prime Minister / 总理,Apisai Ielemia / 阿皮赛·伊莱米亚,2006,2010
Tuvalu / 图瓦卢,Prime Minister / 总理,Maatia Toafa / 马蒂亚·托阿法,2010,2010
Tuvalu / 图瓦卢,Prime Minister / 总理,Willy Telavi / 威利·特拉维,2010,2013
Tuvalu / 图瓦卢,Prime Minister / 总理,Enele Sopoaga / 埃内莱·索波阿加,2013,2019
Tuvalu / 图瓦卢,Prime Minister / 总理,Kausea Natano / 考塞阿·纳塔诺,2019,2024
Tuvalu / 图瓦卢,Prime Minister / 总理,Feleti Teo / 费莱蒂·特奥,2024,2026
